[
  {
    "id": "d7f5c1f7-0b8d-4d32-83b5-51b8a5b93c60",
    "name": "Valorant 500 Points",
    "detail": "บัตรเติมเงิน Valorant มูลค่า 500 Points",
    "price": 150,
    "timestamp": "2025-01-26T12:00:00Z",
    "image_url": "https://www.valolo.fr/wp-content/uploads/2021/01/Comment-vous-booster-avec-Jetts-Dash-dans-Valorant.jpg"
  },
  {
    "id": "a3e1b779-8762-4a11-826f-75fc3cf2bcd2",
    "name": "Valorant 2000 Points",
    "detail": "บัตรเติมเงิน Valorant มูลค่า 2000 Points",
    "price": 600,
    "timestamp": "2025-01-26T12:10:00Z",
    "image_url": "https://www.valolo.fr/wp-content/uploads/2021/01/Comment-vous-booster-avec-Jetts-Dash-dans-Valorant.jpg"
  },
  {
    "id": "f8a86e24-1b84-4f39-93fc-b5edc5a26a19",
    "name": "Valorant 3000 Points",
    "detail": "บัตรเติมเงิน Valorant มูลค่า 3000 Points",
    "price": 900,
    "timestamp": "2025-01-26T12:15:00Z",
    "image_url": "https://www.valolo.fr/wp-content/uploads/2021/01/Comment-vous-booster-avec-Jetts-Dash-dans-Valorant.jpg"
  },
  {
    "id": "b4c7863c-8275-45cd-9d15-0b0fb9ec96b3",
    "name": "Valorant 5000 Points",
    "detail": "บัตรเติมเงิน Valorant มูลค่า 5000 Points",
    "price": 1500,
    "timestamp": "2025-01-26T12:20:00Z",
    "image_url": "https://www.valolo.fr/wp-content/uploads/2021/01/Comment-vous-booster-avec-Jetts-Dash-dans-Valorant.jpg"
  },
  {
    "id": "e7c4207e-a2c9-494b-a18f-06b48ae2cfec",
    "name": "Valorant 7500 Points",
    "detail": "บัตรเติมเงิน Valorant มูลค่า 7500 Points",
    "price": 2250,
    "timestamp": "2025-01-26T12:25:00Z",
    "image_url": "https://www.valolo.fr/wp-content/uploads/2021/01/Comment-vous-booster-avec-Jetts-Dash-dans-Valorant.jpg"
  },
  {
    "id": "192ebc34-6b7e-42a7-a967-1354d4c0cba2",
    "name": "Valorant 10000 Points",
    "detail": "บัตรเติมเงิน Valorant มูลค่า 10000 Points",
    "price": 3000,
    "timestamp": "2025-01-26T12:30:00Z",
    "image_url": "https://www.valolo.fr/wp-content/uploads/2021/01/Comment-vous-booster-avec-Jetts-Dash-dans-Valorant.jpg"
  },
  {
    "id": "58fb8c84-957b-4b13-b63e-d47e88f72b88",
    "name": "Valorant 15000 Points",
    "detail": "บัตรเติมเงิน Valorant มูลค่า 15000 Points",
    "price": 4500,
    "timestamp": "2025-01-26T12:35:00Z",
    "image_url": "https://www.valolo.fr/wp-content/uploads/2021/01/Comment-vous-booster-avec-Jetts-Dash-dans-Valorant.jpg"
  },
  {
    "id": "4bff426e-27b3-4af7-84c8-1f30c0e4f2cd",
    "name": "Valorant 20000 Points",
    "detail": "บัตรเติมเงิน Valorant มูลค่า 20000 Points",
    "price": 6000,
    "timestamp": "2025-01-26T12:40:00Z",
    "image_url": "https://www.valolo.fr/wp-content/uploads/2021/01/Comment-vous-booster-avec-Jetts-Dash-dans-Valorant.jpg"
  },
  {
    "id": "9985a1d4-26be-4093-888f-782ed2e3191f",
    "name": "Valorant 25000 Points",
    "detail": "บัตรเติมเงิน Valorant มูลค่า 25000 Points",
    "price": 7500,
    "timestamp": "2025-01-26T12:45:00Z",
    "image_url": "https://www.valolo.fr/wp-content/uploads/2021/01/Comment-vous-booster-avec-Jetts-Dash-dans-Valorant.jpg"
  }
]